x,y,z
1,0,1.008664916
0,1,1.007825032
1,1,2.014101778
2,1,3.016049281
1,2,3.016029322
0,3,3.030775
3,1,4.026431867
2,2,4.002603254
1,3,4.027185561
4,1,5.035311492
3,2,5.012057224
2,3,5.0125378
1,4,5.03987
5,1,6.044955437
4,2,6.018885889
3,3,6.015122887
2,4,6.019726409
1,5,6.0508
6,1,7.052749
5,2,7.027990652
4,3,7.016003434
3,4,7.016928714
2,5,7.029712
6,2,8.033934388
5,3,8.022486244
4,4,8.005305102
3,5,8.024607315
2,6,8.037643039
7,2,9.043946414
6,3,9.026790191
5,4,9.012183062
4,5,9.013329645
3,6,9.031037202
8,2,10.05281531
7,3,10.03548345
6,4,10.01353469
5,5,10.01293686
4,6,10.01685322
3,7,10.04165354
8,3,11.04372358
7,4,11.02166108
6,5,11.00930517
5,6,11.0114326
4,7,11.02615759
3,8,11.05124983
9,3,12.05261394
8,4,12.02692208
7,5,12.01435264
6,6,12
5,7,12.01861318
4,8,12.03436773
10,3,13.0611715
9,4,13.03613451
8,5,13.01777998
7,6,13.00335484
6,7,13.00573861
5,8,13.02481544
4,9,13.045121
10,4,14.04289292
9,5,14.02540401
8,6,14.00324199
7,7,14.003074
6,8,14.00859671
5,9,14.0343152
11,4,15.05349022
10,5,15.03108702
9,6,15.01059926
8,7,15.0001089
7,8,15.00306564
6,9,15.01778514
5,10,15.04317298
12,4,16.06167204
11,5,16.03984105
10,6,16.01470126
9,7,16.00610193
8,8,15.99491462
7,9,16.01146028
6,10,16.02575086
12,5,17.0469314
11,6,17.02257865
10,7,17.00844888
9,8,16.99913176
8,9,17.00209524
7,10,17.01771396
6,11,17.037273
13,5,18.05560168
12,6,18.02675193
11,7,18.01407756
10,8,17.99915961
9,9,18.00093732
8,10,18.0057087
7,11,18.02687939
14,5,19.064166
13,6,19.03479759
12,7,19.01702239
11,8,19.00357797
10,9,18.99840316
9,10,19.00188091
8,11,19.01388026
7,12,19.03417992
15,5,20.07450564
14,6,20.04026173
13,7,20.0233673
12,8,20.00407536
11,9,19.99998125
10,10,19.99244018
9,11,20.0073543
8,12,20.01876308
16,5,21.08414749
15,6,21.049
14,7,21.02708757
13,8,21.00865495
12,9,20.99994889
11,10,20.99384669
10,11,20.99765446
9,12,21.01170576
8,13,21.029082
16,6,22.05755399
15,7,22.03410092
14,8,22.00996574
13,9,22.00299881
12,10,21.99138511
11,11,21.99443755
10,12,21.9995706
9,13,22.01954
8,14,22.036114
17,6,23.06889
16,7,23.039421
15,8,23.01569669
14,9,23.00352688
13,10,22.99446691
12,11,22.98976928
11,12,22.99412377
10,13,23.00724435
9,14,23.025711
17,7,24.05039
16,8,24.019861
15,9,24.00809937
14,10,23.99361065
13,11,23.99096301
12,12,23.98504169
11,13,23.9999476
10,14,24.01153543
9,15,24.036522
18,7,25.0601
17,8,25.02933892
16,9,25.01216773
15,10,24.9978148
14,11,24.98995397
13,12,24.98583697
12,13,24.99042831
11,14,25.0041088
10,15,25.021675
18,8,26.03721016
17,9,26.02004807
16,10,26.0005165
15,11,25.99263465
14,12,25.98259297
13,13,25.98689188
12,14,25.99233382
11,15,26.01178
10,16,26.029716
19,8,27.047955
18,9,27.0269819
17,10,27.00756946
16,11,26.99407641
15,12,26.98434065
14,13,26.98153841
13,14,26.98670469
12,15,26.9992925
11,16,27.018777
20,8,28.05591
19,9,28.03586045
18,10,28.01213077
17,11,27.998939
16,12,27.98387543
15,13,27.98191001
14,14,27.97692653
13,15,27.99232646
12,16,28.00437276
11,17,28.030349
20,9,29.043103
19,10,29.019753
18,11,29.00287709
17,12,28.98860716
16,13,28.98045316
15,14,28.97649466
14,15,28.98180037
13,16,28.996678
12,17,29.015053
11,18,29.040761
21,9,30.052561
20,10,30.02499224
19,11,30.00909793
18,12,29.99046545
17,13,29.98296917
16,14,29.97377014
15,15,29.97831349
14,16,29.98490677
13,17,30.00501833
12,18,30.023694
22,9,31.061023
21,10,31.03347482
20,11,31.01314665
19,12,30.99664823
18,13,30.98394975
17,14,30.9753632
16,15,30.973762
15,16,30.979557
14,17,30.9924481
13,18,31.012158
12,19,31.03678
22,10,32.03972
21,11,32.02001102
20,12,31.99911014
19,13,31.98808434
18,14,31.97415154
17,15,31.97390764
16,16,31.97207117
15,17,31.98568461
14,18,31.99763782
13,19,32.023607
23,10,33.049523
22,11,33.025529
21,12,33.00532786
20,13,32.99087769
19,14,32.97797696
18,15,32.97172569
17,16,32.97145891
16,17,32.97745199
15,18,32.98992555
14,19,33.008095
13,20,33.033312
24,10,34.056728
23,11,34.03401
22,12,34.00893546
21,13,33.99678192
20,14,33.97853805
19,15,33.97364589
18,16,33.96786701
17,17,33.97376249
16,18,33.98027009
15,19,33.99869
14,20,34.015985
24,11,35.040614
23,12,35.01679
22,13,34.99975982
21,14,34.98455011
20,15,34.97331405
19,16,34.96903232
18,17,34.96885269
17,18,34.97525772
16,19,34.98800541
15,20,35.005572
14,21,35.029093
25,11,36.049279
24,12,36.021879
23,13,36.006388
22,14,35.98664927
21,15,35.97825961
20,16,35.96708069
19,17,35.96830682
18,18,35.96754511
17,19,35.98130189
16,20,35.99307439
15,21,36.017338
26,11,37.057042
25,12,37.03028627
24,13,37.010531
23,14,36.99294519
22,15,36.97960694
21,16,36.9711255
20,17,36.96590257
19,18,36.9667763
18,19,36.97337589
17,20,36.98589785
16,21,37.004058
15,22,37.027021
27,11,38.066458
26,12,38.03658
25,13,38.017681
24,14,37.995523
23,15,37.98430311
22,16,37.9711633
21,17,37.96801041
20,18,37.9627321
19,19,37.96908111
18,20,37.97631922
17,21,37.995438
16,22,38.012206
28,11,39.075123
27,12,39.045921
26,13,39.02307
25,14,39.002491
24,15,38.98628587
23,16,38.97513385
22,17,38.96800815
21,18,38.96431304
20,19,38.96370648
19,20,38.97071081
18,21,38.98478495
17,22,39.002684
16,23,39.02423
28,12,40.053194
27,13,40.03094
26,14,40.00608364
25,15,39.99126222
24,16,39.97548256
23,17,39.97041547
22,18,39.96238312
21,19,39.96399817
20,20,39.96259085
19,21,39.97796728
18,22,39.99034515
17,23,40.013387
29,12,41.062373
28,13,41.037134
27,14,41.014171
26,15,40.994654
25,16,40.97959345
24,17,40.97068453
23,18,40.96450057
22,19,40.96182526
21,20,40.96227791
20,21,40.96925116
19,22,40.983148
18,23,41.000333
17,24,41.021911
29,13,42.045078
28,14,42.018078
27,15,42.00117214
26,16,41.9810651
25,17,41.973342
24,18,41.96304574
23,19,41.96240231
22,20,41.95861778
21,21,41.96551669
20,22,41.97304937
19,23,41.99182
18,24,42.007579
30,13,43.05182
29,14,43.026119
28,15,43.005411
27,16,42.98690764
26,17,42.9740637
25,18,42.96563606
24,19,42.9607347
23,20,42.95876638
22,21,42.96115043
21,22,42.96852842
20,23,42.980766
19,24,42.997885
18,25,43.018647
30,14,44.031466
29,15,44.011927
28,16,43.99011885
27,17,43.97801492
26,18,43.96492381
25,19,43.96158698
24,20,43.95548149
23,21,43.95940282
22,22,43.95968994
21,23,43.97444098
20,24,43.985591
19,25,44.008009
31,14,45.039818
30,15,45.017134
29,16,44.996414
28,17,44.98039435
27,18,44.96803973
26,19,44.96069149
25,20,44.95618627
24,21,44.95590705
23,22,44.95812076
22,23,44.9657685
21,24,44.97905
20,25,44.994654
19,26,45.015467
31,15,46.02452
30,16,46.000687
29,17,45.98525493
28,18,45.96803924
27,19,45.96198158
26,20,45.95368773
25,21,45.95516703
24,22,45.95262636
23,23,45.96019739
22,24,45.96836097
21,25,45.986669
20,26,46.001299
32,15,47.030929
31,16,47.00773
30,17,46.989715
29,18,46.97276711
28,19,46.96166161
27,20,46.95454113
26,21,46.95240244
25,22,46.95175749
24,23,46.95490356
23,24,46.962895
22,25,46.975774
21,26,46.992346
20,27,47.011401
32,16,48.013301
31,17,47.995405
30,18,47.976001
29,19,47.96534118
28,20,47.95252265
27,21,47.9522229
26,22,47.94794068
25,23,47.9522509
24,24,47.95402943
23,25,47.96854876
22,26,47.980667
21,27,48.001857
20,28,48.019515
33,16,49.021891
32,17,49.000794
31,18,48.981685
30,19,48.96821075
29,20,48.95566263
28,21,48.95001316
27,22,48.94786439
26,23,48.94851051
25,24,48.95133372
24,25,48.95961335
23,26,48.973429
22,27,48.989501
21,28,49.009157
33,17,50.008266
32,18,49.985797
31,19,49.97238002
30,20,49.95749922
29,21,49.95218744
28,22,49.94478562
27,23,49.94715668
26,24,49.94604221
25,25,49.95423816
24,26,49.962988
23,27,49.981117
22,28,49.996286
34,17,51.015341
33,18,50.993033
32,19,50.97582866
31,20,50.96099566
30,21,50.95356884
29,22,50.94660947
28,23,50.94395766
27,24,50.94476539
26,25,50.94820877
25,26,50.95685514
24,27,50.970647
23,28,50.987493
35,17,52.024004
34,18,51.998519
33,19,51.981602
32,20,51.96321365
31,21,51.95649617
30,22,51.94688351
29,23,51.94477364
28,24,51.94050471
27,25,51.94555909
26,26,51.94811336
25,27,51.96313022
24,28,51.975781
23,29,51.997982
35,18,53.00729
34,19,52.9868
33,20,52.968451
32,21,52.95837917
31,22,52.94967071
30,23,52.94433494
29,24,52.9406463
28,25,52.9412875
27,26,52.94530563
26,27,52.95420328
25,28,52.96819
24,29,52.985894
36,18,54.013484
35,19,53.994471
34,20,53.972989
33,21,53.96302936
32,22,53.950892
31,23,53.94643201
30,24,53.93887736
29,25,53.94035577
28,26,53.93960819
27,27,53.94845908
26,28,53.957833
25,29,53.977198
24,30,53.993879
36,19,55.000505
35,20,54.979978
34,21,54.96688964
33,22,54.955091
32,23,54.947262
31,24,54.94083664
30,25,54.93804304
29,26,54.93829116
28,27,54.94199642
27,28,54.95132985
26,29,54.966038
25,30,54.984681
37,19,56.008567
36,20,55.985496
35,21,55.97260761
34,22,55.95767768
33,23,55.95042008
32,24,55.94064898
31,25,55.93890282
30,26,55.93493554
29,27,55.93983803
28,28,55.94212776
27,29,55.95852928
26,30,55.972743
25,31,55.995878
38,19,57.015169
37,20,56.992958
36,21,56.977048
35,22,56.9630681
34,23,56.952297
33,24,56.94361211
32,25,56.93828594
31,26,56.93539195
30,27,56.93628982
29,28,56.93979139
28,29,56.94921169
27,30,56.965056
26,31,56.983457
39,19,58.023543
38,20,57.998357
37,21,57.983382
36,22,57.96680852
35,23,57.95659599
34,24,57.9441845
33,25,57.94006664
32,26,57.93327358
31,27,57.93575129
30,28,57.93534165
29,29,57.94453228
28,30,57.9545903
27,31,57.974729
26,32,57.991863
40,19,59.030864
39,20,59.006237
38,21,58.988374
37,22,58.972217
36,23,58.95962334
35,24,58.94834543
34,25,58.94039111
33,26,58.93487349
32,27,58.93319352
31,28,58.93434544
30,29,58.93949671
29,30,58.94931189
28,31,58.963757
27,32,58.982426
40,20,60.011809
39,21,59.995115
38,22,59.976275
37,23,59.96447922
36,24,59.94964166
35,25,59.94313657
34,26,59.93407025
33,27,59.93381554
32,28,59.93078513
31,29,59.93736379
30,30,59.94184132
29,31,59.957498
28,32,59.970445
27,33,59.993945
41,20,61.020408
40,21,61.000537
39,22,60.982426
38,23,60.96760353
37,24,60.95437813
36,25,60.94445254
35,26,60.93674624
34,27,60.93247603
33,28,60.93105482
32,29,60.93345738
31,30,60.93950696
30,31,60.94939886
29,32,60.963725
28,33,60.981535
41,21,62.007848
40,22,61.986903
39,23,61.97293256
38,24,61.95614292
37,25,61.94790738
36,26,61.93679181
35,27,61.9340582
34,28,61.92834475
33,29,61.9325948
32,30,61.93433336
31,31,61.94418964
30,32,61.954761
29,33,61.973784
42,21,63.014031
41,22,62.993709
40,23,62.976661
39,24,62.961161
38,25,62.94966467
37,26,62.9402727
36,27,62.93359963
35,28,62.92966902
34,29,62.92959712
33,30,62.93321114
32,31,62.93929419
31,32,62.949628
30,33,62.964036
29,34,62.981911
42,22,63.998411
41,23,63.98248
40,24,63.963886
39,25,63.95384937
38,26,63.94098776
37,27,63.93581018
36,28,63.92796623
35,29,63.929764
34,30,63.92914178
33,31,63.93684037
32,32,63.94168991
31,33,63.95756
30,34,63.971165
43,22,65.005593
42,23,64.986999
41,24,64.969608
40,25,64.95601975
39,26,64.94501532
38,27,64.93646207
37,28,64.93008459
36,29,64.92778948
35,30,64.92924053
34,31,64.93273442
33,32,64.93936814
32,33,64.949611
31,34,64.964552
30,35,64.982297
43,23,65.993237
42,24,65.973011
41,25,65.96054683
40,26,65.94624996
39,27,65.93944294
38,28,65.92913933
37,29,65.9288688
36,30,65.92603364
35,31,65.93158977
34,32,65.93386212
33,33,65.94414878
32,34,65.955276
31,35,65.974697
44,23,66.998128
43,24,66.979313
42,25,66.96395
41,26,66.95093
40,27,66.94060963
39,28,66.93156941
38,29,66.92772949
37,30,66.92712742
36,31,66.92820228
35,32,66.932717
34,33,66.93925111
33,34,66.949994
32,35,66.965078
31,36,66.983305
44,24,67.983156
43,25,67.968953
42,26,67.952875
41,27,67.9445594
40,28,67.93186879
39,29,67.92961089
38,30,67.92484423
37,31,67.92798016
36,32,67.92809531
35,33,67.93677413
34,34,67.94182524
33,35,67.958356
32,36,67.972489
45,24,68.989662
44,25,68.972775
43,26,68.957918
42,27,68.945909
41,28,68.93561027
40,29,68.92942927
39,30,68.92655036
38,31,68.92557353
37,32,68.92796447
36,33,68.93224629
35,34,68.93941485
34,35,68.95033841
33,36,68.965496
46,24,69.993945
45,25,69.978046
44,26,69.960397
43,27,69.9500534
42,28,69.9364313
41,29,69.93239208
40,30,69.92531918
39,31,69.92602191
38,32,69.92424854
37,33,69.93093464
36,34,69.93351552
35,35,69.94479232
34,36,69.955877
46,25,70.982158
45,26,70.965722
44,27,70.95236692
43,28,70.94051896
42,29,70.93267683
41,30,70.92771958
40,31,70.92470255
39,32,70.92495212
38,33,70.92711359
37,34,70.93220943
36,35,70.93934215
35,36,70.9502657
34,37,70.965335
47,25,71.988009
46,26,71.968599
45,27,71.956736
44,28,71.94178592
43,29,71.93582031
42,30,71.92684281
41,31,71.92636745
40,32,71.92207582
39,33,71.92675229
38,34,71.92714051
37,35,71.93659461
36,36,71.94209241
35,37,71.958851
48,25,72.992807
47,26,72.974246
46,27,72.959238
45,28,72.94620668
44,29,72.93667438
43,30,72.92958258
42,31,72.92517468
41,32,72.92345895
40,33,72.92382909
39,34,72.92675488
38,35,72.93167344
37,36,72.93928919
36,37,72.95060451
35,38,72.9657
48,26,73.977821
47,27,73.963993
46,28,73.947718
45,29,73.93987486
44,30,73.92940726
43,31,73.92694573
42,32,73.92117776
41,33,73.9239286
40,34,73.92247593
39,35,73.92991028
38,36,73.93308402
37,37,73.94426587
36,38,73.95617
49,26,74.984219
48,27,74.967192
47,28,74.952506
46,29,74.94152382
45,30,74.93284024
44,31,74.92650448
43,32,74.92285837
42,33,74.92159456
41,34,74.92252287
40,35,74.92581057
39,36,74.93094574
38,37,74.9385732
37,38,74.94995277
36,39,74.96584
50,26,75.988631
49,27,75.972453
48,28,75.954707
47,29,75.94526897
46,30,75.93311496
45,31,75.92882762
44,32,75.92140273
43,33,75.92239201
42,34,75.9192137
41,35,75.92454157
40,36,75.92591074
39,37,75.93507303
38,38,75.94176276
37,39,75.958937
50,27,76.976479
49,28,76.959903
48,29,76.9475436
47,30,76.9368872
46,31,76.9291543
45,32,76.92354984
44,33,76.92064756
43,34,76.91991415
42,35,76.92137919
41,36,76.92467
40,37,76.9304016
39,38,76.93794545
38,39,76.950146
37,40,76.966076
51,27,77.983553
50,28,77.962555
49,29,77.95191652
48,30,77.9382892
47,31,77.93161085
46,32,77.92285291
45,33,77.92182777
44,34,77.91730924
43,35,77.92114586
42,36,77.92036634
41,37,77.92814187
40,38,77.93217998
39,39,77.94399
38,40,77.956146
51,28,78.969769
50,29,78.9544731
49,30,78.94263807
48,31,78.93285158
47,32,78.92535951
46,33,78.92094842
45,34,78.91849925
44,35,78.91833757
43,36,78.92008292
42,37,78.9239901
41,38,78.92970469
40,39,78.937946
39,40,78.94979
38,41,78.966022
52,28,79.975051
51,29,79.960623
50,30,79.94455293
49,31,79.93642077
48,32,79.92535077
47,33,79.92247444
46,34,79.91652176
45,35,79.91852978
44,36,79.91637794
43,37,79.92251644
42,38,79.92451754
41,39,79.93435475
40,40,79.941213
39,41,79.958754
53,28,80.982727
52,29,80.965743
51,30,80.95040262
50,31,80.93813384
49,32,80.92883294
48,33,80.92213229
47,34,80.91799302
46,35,80.9162882
45,36,80.9165897
44,37,80.9189939
43,38,80.92321139
42,39,80.92945428
41,40,80.938245
40,41,80.95023
39,42,80.966226
54,28,81.988492
53,29,81.972378
52,30,81.9545741
51,31,81.94317653
50,32,81.92977403
49,33,81.92473873
48,34,81.91669953
47,35,81.91680175
46,36,81.91348115
45,37,81.91820902
44,38,81.91839985
43,39,81.92693019
42,40,81.9317075
41,41,81.94438
40,42,81.956661
54,29,82.97811
53,30,82.961041
52,31,82.9471203
51,32,82.9345391
50,33,82.9252069
49,34,82.9191186
48,35,82.91517529
47,36,82.91412652
46,37,82.91511418
45,38,82.91755437
44,39,82.92248403
43,40,82.92924093
42,41,82.93815
41,42,82.950252
40,43,82.966377
55,29,83.985271
54,30,83.965829
53,31,83.952663
52,32,83.93757509
51,33,83.92930329
50,34,83.91846676
49,35,83.91649642
48,36,83.91149773
47,37,83.91437522
46,38,83.91341912
45,39,83.92067106
44,40,83.92332566
43,41,83.93430571
42,42,83.941846
41,43,83.959527
55,30,84.973054
54,31,84.957333
53,32,84.94296966
52,33,84.93216366
51,34,84.92226076
50,35,84.91564576
49,36,84.91252726
48,37,84.91178974
47,38,84.91293204
46,39,84.91643304
45,40,84.9214432
44,41,84.92884584
43,42,84.93826074
42,43,84.950778
41,44,84.967117
56,30,85.978463
55,31,85.963757
54,32,85.946967
53,33,85.93670153
52,34,85.92431173
51,35,85.91880543
50,36,85.91061062
49,37,85.91116744
48,38,85.90926072
47,39,85.9148861
46,40,85.91629681
45,41,85.92578154
44,42,85.93117409
43,43,85.944637
42,44,85.957305
56,31,86.969007
55,32,86.953204
54,33,86.94029172
53,34,86.92868862
52,35,86.92067402
51,36,86.91335476
50,37,86.90918053
49,38,86.90887749
48,39,86.9108761
47,40,86.91481734
46,41,86.92069247
45,42,86.9281962
44,43,86.93806719
43,44,86.950907
57,31,87.975963
56,32,87.957574
55,33,87.94584
54,34,87.93141749
53,35,87.92408329
52,36,87.91444788
51,37,87.91131559
50,38,87.90561225
49,39,87.90950127
48,40,87.91022072
47,41,87.91822648
46,42,87.92196778
45,43,87.93379421
44,44,87.941664
43,45,87.960429
57,32,88.96453
56,33,88.950048
55,34,88.93666906
54,35,88.92670456
53,36,88.91783545
52,37,88.91227814
51,38,88.90745081
50,39,88.90583816
49,40,88.90887975
48,41,88.9134447
47,42,88.91946815
46,43,88.92764865
45,44,88.93733785
44,45,88.950992
58,32,89.969436
57,33,89.955995
56,34,89.940096
55,35,89.93129285
54,36,89.91952793
53,37,89.91479756
52,38,89.90772787
51,39,89.90714175
50,40,89.90469876
49,41,89.9112592
48,42,89.91393127
47,43,89.92407392
46,44,89.93034438
45,45,89.944569
44,46,89.95737
58,33,90.960816
57,34,90.9457
56,35,90.93439862
55,36,90.92380631
54,37,90.91653726
53,38,90.91019594
52,39,90.90729805
51,40,90.90564021
50,41,90.90699026
49,42,90.91174519
48,43,90.91842497
47,44,90.92674153
46,45,90.937123
45,46,90.950435
59,33,91.967386
58,34,91.94984
57,35,91.9396316
56,36,91.92617309
55,37,91.91972848
54,38,91.91103822
53,39,91.90894575
52,40,91.90503534
51,41,91.90718858
50,42,91.90680715
49,43,91.91526978
48,44,91.92023437
47,45,91.93236769
46,46,91.94119223
45,47,91.95971
59,34,92.956135
58,35,92.94322
57,36,92.93114717
56,37,92.92203933
55,38,92.91402431
54,39,92.90957843
53,40,92.90647066
52,41,92.90637317
51,42,92.90680877
50,43,92.91024515
49,44,92.91710444
48,45,92.92591278
47,46,92.93668043
46,47,92.950188
60,34,93.96049
59,35,93.948846
58,36,93.93414045
57,37,93.92639482
56,38,93.91535564
55,39,93.91159206
54,40,93.90631252
53,41,93.907279
52,42,93.90508359
51,43,93.90965232
50,44,93.91134286
49,45,93.92173045
48,46,93.92903629
47,47,93.943744
46,48,93.956586
61,34,94.9673
60,35,94.952925
59,36,94.93971092
58,37,94.92926385
57,38,94.91935828
56,39,94.9128197
55,40,94.90804028
54,41,94.90683111
53,42,94.90583744
52,43,94.90765228
51,44,94.91040442
50,45,94.91589789
49,46,94.92488851
48,47,94.935688
47,48,94.949483
61,35,95.95898
60,36,95.94301447
59,37,95.9341334
58,38,95.92171905
57,39,95.91590931
56,40,95.90827762
55,41,95.90810159
54,42,95.90467477
53,43,95.90786668
52,44,95.90758891
51,45,95.91445171
50,46,95.91821374
49,47,95.9307439
48,48,95.940341
47,49,95.959109
62,35,96.963499
61,36,96.94908878
60,37,96.93717712
59,38,96.92637562
58,39,96.9182867
57,40,96.9109638
56,41,96.90810162
55,42,96.9060169
54,43,96.90636072
53,44,96.90754578
52,45,96.91132787
51,46,96.91647199
50,47,96.9238814
49,48,96.93479934
48,49,96.949125
63,35,97.969887
62,36,97.952635
61,37,97.94163232
60,38,97.92869264
59,39,97.92239484
58,40,97.91274045
57,41,97.91033265
56,42,97.90540361
55,43,97.90721121
54,44,97.90528671
53,45,97.91070773
52,46,97.91269834
51,47,97.92155997
50,48,97.92738932
49,49,97.942129
63,36,98.958776
62,37,98.94511919
61,38,98.9328836
60,39,98.92416084
59,40,98.91667508
58,41,98.91160938
57,42,98.9077073
56,43,98.90624968
55,44,98.90593028
54,45,98.90812124
53,46,98.91177307
52,47,98.91764577
51,48,98.92492585
50,49,98.93411
49,50,98.948495
64,36,99.962995
63,37,99.95033153
62,38,99.93578327
61,39,99.92772768
60,40,99.9180105
59,41,99.91434058
58,42,99.90746798
57,43,99.90765272
56,44,99.90421046
55,45,99.90811415
54,46,99.90852044
53,47,99.91611544
52,48,99.92034883
51,49,99.93110193
50,50,99.93864894
65,36,100.969318
64,37,100.954302
63,38,100.9406063
62,39,100.9301608
61,40,100.9214585
60,41,100.9153065
59,42,100.9103376
58,43,100.9073053
57,44,100.9055731
56,45,100.9061589
55,46,100.9082848
54,47,100.912684
53,48,100.9185862
52,49,100.926414
51,50,100.9352593
65,37,101.960008
64,38,101.9440047
63,39,101.9343285
62,40,101.9231542
61,41,101.9180904
60,42,101.9102937
59,43,101.9092072
58,44,101.9043403
57,45,101.9068343
56,46,101.9056323
55,47,101.9117045
54,48,101.9144818
53,49,101.9241059
52,50,101.9302895
51,51,101.945142
66,37,102.964401
65,38,102.949243
64,39,102.9372438
63,40,102.9272041
62,41,102.9194534
61,42,102.913092
60,43,102.909174
59,44,102.9063148
58,45,102.9054941
57,46,102.9061111
56,47,102.9089606
55,48,102.9134169
54,49,102.9198788
53,50,102.927973
52,51,102.939162
67,37,103.970531
66,38,103.953022
65,39,103.941943
64,40,103.9294492
63,41,103.9229077
62,42,103.9137474
61,43,103.9114337
60,44,103.9054253
59,45,103.9066453
58,46,103.9040304
57,47,103.9086237
56,48,103.9098562
55,49,103.9182145
54,50,103.9231052
53,51,103.936344
52,52,103.9467234
67,38,104.959001
66,39,104.945711
65,40,104.9340218
64,41,104.9249426
63,42,104.916982
62,43,104.911662
61,44,104.9077455
60,45,104.9056878
59,46,104.9050795
58,47,104.9065256
57,48,104.9094639
56,49,104.9145023
55,50,104.9212684
54,51,104.9312765
53,52,104.9433045
68,38,105.963177
67,39,105.950842
66,40,105.93693
65,41,105.9289285
64,42,105.9182732
63,43,105.9143567
62,44,105.9073282
61,45,105.9072859
60,46,105.9034803
59,47,105.9066635
58,48,105.9064598
57,49,105.9134636
56,50,105.9169574
55,51,105.928638
54,52,105.9374985
53,53,105.953516
69,38,106.969672
68,39,106.954943
67,40,106.942007
66,41,106.9315897
65,42,106.9221198
64,43,106.9154584
63,44,106.9099698
62,45,106.906748
61,46,106.9051281
60,47,106.9050915
59,48,106.906612
58,49,106.9102875
57,50,106.9157136
56,51,106.9241506
55,52,106.934882
54,53,106.946935
69,39,107.960515
68,40,107.945303
67,41,107.9360756
66,42,107.9240475
65,43,107.9184935
64,44,107.9101858
63,45,107.9087153
62,46,107.9038918
61,47,107.9059502
60,48,107.9041836
59,49,107.9096937
58,50,107.9118943
57,51,107.9222267
56,52,107.9293805
55,53,107.943348
54,54,107.9542323
70,39,108.965131
69,40,108.950907
68,41,108.939141
67,42,108.9284383
66,43,108.9202541
65,44,108.9133237
64,45,108.9087496
63,46,108.9059506
62,47,108.9047558
61,48,108.9049867
60,49,108.9071497
59,50,108.9112929
58,51,108.9181412
57,52,108.9273045
56,53,108.938086
55,54,108.950435
70,40,109.954675
69,41,109.943843
68,42,109.930718
67,43,109.9237413
66,44,109.9140385
65,45,109.9110797
64,46,109.9051729
63,47,109.9061107
62,48,109.9030075
61,49,109.9071707
60,50,109.9078448
59,51,109.9168543
58,52,109.9224581
57,53,109.9350851
56,54,109.9442588
71,40,110.960837
70,41,110.947439
69,42,110.935652
68,43,110.925899
67,44,110.9175676
66,45,110.9116432
65,46,110.9076904
64,47,110.9052968
63,48,110.9041838
62,49,110.9051072
61,50,110.9077411
60,51,110.9132182
59,52,110.9210006
58,53,110.9302692
57,54,110.94147
56,55,110.953945
72,40,111.965196
71,41,111.952689
70,42,111.938293
69,43,111.9299417
68,44,111.9188069
67,45,111.9144052
66,46,111.9073306
65,47,111.9070485
64,48,111.9027639
63,49,111.9055387
62,50,111.9048249
61,51,111.9123999
60,52,111.9167278
59,53,111.9280045
58,54,111.9355591
57,55,111.950172
73,40,112.971723
72,41,112.956833
71,42,112.943478
70,43,112.932569
69,44,112.9228467
68,45,112.9154402
67,46,112.9102619
66,47,112.9065729
65,48,112.9044081
64,49,112.9040605
63,50,112.9051759
62,51,112.9093747
61,52,112.915891
60,53,112.9236501
59,54,112.9332217
58,55,112.9444285
57,56,112.95737
73,41,113.962469
72,42,113.946666
71,43,113.93709
70,44,113.9246144
69,45,113.9187217
68,46,113.9103694
67,47,113.908823
66,48,113.903365
65,49,113.9049164
64,50,113.9027801
63,51,113.9092892
62,52,113.9120878
61,53,113.9220189
60,54,113.9279803
59,55,113.9412922
58,56,113.9507185
74,41,114.966849
73,42,114.952174
72,43,114.9401
71,44,114.929033
70,45,114.9203116
69,46,114.9136593
68,47,114.9087674
67,48,114.9054374
66,49,114.9038788
65,50,114.9033447
64,51,114.906598
63,52,114.911902
62,53,114.918048
61,54,114.9262939
60,55,114.93591
59,56,114.947482
75,41,115.972914
74,42,115.955759
73,43,115.94502
72,44,115.9312192
71,45,115.9240621
70,46,115.9142979
69,47,115.9113868
68,48,115.9047632
67,49,115.90526
66,50,115.9017428
65,51,115.9067927
64,52,115.9084656
63,53,115.9168855
62,54,115.921581
61,55,115.933395
60,56,115.941621
59,57,115.957005
75,42,116.961686
74,43,116.94832
73,44,116.936135
72,45,116.9260363
71,46,116.9179556
70,47,116.9117741
69,48,116.907226
68,49,116.9045157
67,50,116.902954
66,51,116.9048415
65,52,116.9086462
64,53,116.9136456
63,54,116.9203588
62,55,116.9286167
61,56,116.9383164
60,57,116.950326
76,42,117.965249
75,43,117.953526
74,44,117.938808
73,45,117.9303411
72,46,117.9190673
71,47,117.9145955
70,48,117.906922
69,49,117.9063567
68,50,117.9016066
67,51,117.9055322
66,52,117.9058601
65,53,117.913074
64,54,117.9161787
63,55,117.9265595
62,56,117.933226
61,57,117.946731
77,42,118.971465
76,43,118.956876
75,44,118.94409
74,45,118.932557
73,46,118.9233411
72,47,118.9155703
71,48,118.9098471
70,49,118.9058516
69,50,118.9033113
68,51,118.9039441
67,52,118.9064057
66,53,118.9100609
65,54,118.9154106
64,55,118.9223773
63,56,118.9306597
62,57,118.940934
61,58,118.952957
77,43,119.962426
76,44,119.946623
75,45,119.937069
74,46,119.9245517
73,47,119.9187848
72,48,119.9098681
71,49,119.9079675
70,50,119.9022026
69,51,119.9050803
68,52,119.9040658
67,53,119.9100937
66,54,119.9117843
65,55,119.9206773
64,56,119.926045
63,57,119.938196
62,58,119.946613
78,43,120.96614
77,44,120.952098
76,45,120.939613
75,46,120.9289503
74,47,120.9201253
73,48,120.9129637
72,49,120.9078528
71,50,120.9042435
70,51,120.9038114
69,52,120.9049451
68,53,120.9074115
67,54,120.911453
66,55,120.9172272
65,56,120.9240523
64,57,120.933236
63,58,120.943435
62,59,120.955393
79,43,121.97176
78,44,121.955147
77,45,121.944305
76,46,121.9306317
75,47,121.9236644
74,48,121.9134591
73,49,121.9102825
72,50,121.9034455
71,51,121.9051693
70,52,121.9030447
69,53,121.9075901
68,54,121.9083677
67,55,121.9161081
66,56,121.919904
65,57,121.93071
64,58,121.93787
63,59,121.951927
79,44,122.960762
78,45,122.947192
77,46,122.935126
76,47,122.9253151
75,48,122.9168925
74,49,122.9104353
73,50,122.9057271
72,51,122.9042153
71,52,122.904271
70,53,122.9055898
69,54,122.9084822
68,55,122.9129961
67,56,122.9187811
66,57,122.9263
65,58,122.93528
64,59,122.946076
80,44,123.96394
79,45,123.952002
78,46,123.937305
77,47,123.9288992
76,48,123.9176598
75,49,123.9131849
74,50,123.9052796
73,51,123.9059371
72,52,123.9028183
71,53,123.9062103
70,54,123.9058852
69,55,123.9122474
68,56,123.9150936
67,57,123.9245743
66,58,123.93031
65,59,123.94294
64,60,123.951873
81,44,124.969544
80,45,124.955094
79,46,124.942072
78,47,124.930735
77,48,124.9212576
76,49,124.9136738
75,50,124.9077894
74,51,124.9052543
73,52,124.9044312
72,53,124.9046306
71,54,124.9063876
70,55,124.909726
69,56,124.9144718
68,57,124.9208159
67,58,124.92844
66,59,124.937659
65,60,124.948395
81,45,125.960064
80,46,125.944401
79,47,125.934814
78,48,125.9224303
77,49,125.9164682
76,50,125.907659
75,51,125.9072532
74,52,125.9033121
73,53,125.9056242
72,54,125.9042974
71,55,125.9094458
70,56,125.9112502
69,57,125.9195127
68,58,125.923971
67,59,125.93524
66,60,125.942694
65,61,125.957327
82,45,126.963789
81,46,126.949307
80,47,126.937037
79,48,126.9262033
78,49,126.917466
77,50,126.9103917
76,51,126.9069256
75,52,126.905227
74,53,126.9044726
73,54,126.9051836
72,55,126.9074175
71,56,126.9110913
70,57,126.9163751
69,58,126.922727
68,59,126.93071
67,60,126.939978
66,61,126.951358
83,45,127.970649
82,46,127.952345
81,47,127.941266
80,48,127.9278168
79,49,127.9203536
78,50,127.9105078
77,51,127.9091461
76,52,127.9044612
75,53,127.9058094
74,54,127.9035308
73,55,127.9077485
72,56,127.9083524
71,57,127.9155921
70,58,127.918911
69,59,127.928791
68,60,127.935018
67,61,127.948234
66,62,127.957971
83,46,128.959334
82,47,128.944315
81,48,128.9322356
80,49,128.9218085
79,50,128.9134824
78,51,128.9091466
77,52,128.9065964
76,53,128.9049836
75,54,128.9047809
74,55,128.9060659
73,56,128.9086834
72,57,128.9126956
71,58,128.918102
70,59,128.925095
69,60,128.933038
68,61,128.942909
67,62,128.954557
84,46,129.964863
83,47,129.950727
82,48,129.9343876
81,49,129.9249523
80,50,129.9139745
79,51,129.9116627
78,52,129.9062227
77,53,129.9066702
76,54,129.9035093
75,55,129.9067093
74,56,129.906326
73,57,129.9123694
72,58,129.914736
71,59,129.92359
70,60,129.928506
69,61,129.940451
68,62,129.948792
67,63,129.964022
85,46,130.972367
84,47,130.956253
83,48,130.9407277
82,49,130.9269728
81,50,130.9170531
80,51,130.9119893
79,52,130.9085222
78,53,130.9061264
77,54,130.9050841
76,55,130.9054685
75,56,130.9069463
74,57,130.91007
73,58,130.9144295
72,59,130.920235
71,60,130.927248
70,61,130.935834
69,62,130.946022
68,63,130.957634
85,47,131.96307
84,48,131.9458231
83,49,131.9329984
82,50,131.9178239
81,51,131.914508
80,52,131.9085467
79,53,131.9079935
78,54,131.9041551
77,55,131.9064377
76,56,131.9050612
75,57,131.910119
74,58,131.9114662
73,59,131.91924
72,60,131.9233212
71,61,131.93384
70,62,131.940805
69,63,131.954696
86,47,132.968781
85,48,132.952614
84,49,132.938067
83,50,132.9239138
82,51,132.9152721
81,52,132.9109633
80,53,132.9078284
79,54,132.9059107
78,55,132.905452
77,56,132.9060074
76,57,132.908218
75,58,132.9115204
74,59,132.9163306
73,60,132.922348
72,61,132.929782
71,62,132.93856
70,63,132.94929
69,64,132.961288
86,48,133.957638
85,49,133.944208
84,50,133.9286804
83,51,133.9205373
82,52,133.9113964
81,53,133.9097757
80,54,133.905393
79,55,133.9067185
78,56,133.9045082
77,57,133.908514
76,58,133.9089281
75,59,133.9156967
74,60,133.9187902
73,61,133.928326
72,62,133.93411
71,63,133.946537
70,64,133.955416
87,48,134.964766
86,49,134.949425
85,50,134.9349086
84,51,134.9251844
83,52,134.9165547
82,53,134.9100594
81,54,134.9072314
80,55,134.9059769
79,56,134.9056884
78,57,134.9069844
77,58,134.9091607
76,59,134.9131118
75,60,134.9181813
74,61,134.924785
73,62,134.93252
72,63,134.94187
71,64,134.952496
70,65,134.964516
87,49,135.956017
86,50,135.939699
85,51,135.930749
84,52,135.9201012
83,53,135.9146047
82,54,135.9072145
81,55,135.9073114
80,56,135.9045758
79,57,135.907635
78,58,135.9071293
77,59,135.9126775
76,60,135.9149761
75,61,135.9235959
74,62,135.9282756
73,63,135.93962
72,64,135.9473
71,65,135.96146
88,49,136.961535
87,50,136.946162
86,51,136.9355225
85,52,136.9255994
84,53,136.9180282
83,54,136.9115578
82,55,136.9070893
81,56,136.9058272
80,57,136.9064504
79,58,136.9077624
78,59,136.9106792
77,60,136.9145631
76,61,136.9204795
75,62,136.927008
74,63,136.9354307
73,64,136.94502
72,65,136.95602
88,50,137.951143
87,51,137.941331
86,52,137.9294725
85,53,137.9227264
84,54,137.9141463
83,55,137.9110171
82,56,137.9052471
81,57,137.907124
80,58,137.9059942
79,59,137.9107575
78,60,137.9119509
77,61,137.9195761
76,62,137.923244
75,63,137.933709
74,64,137.940247
73,65,137.953193
72,66,137.9625
89,50,138.957799
88,51,138.946269
87,52,138.9353672
86,53,138.9264934
85,54,138.9187922
84,55,138.9133638
83,56,138.9088412
82,57,138.9063629
81,58,138.906647
80,59,138.9089327
79,60,138.9119512
78,61,138.9167992
77,62,138.9222966
76,63,138.9297923
75,64,138.93813
74,65,138.94833
73,66,138.959527
90,50,139.962973
89,51,139.952345
88,52,139.9394871
87,53,139.9317159
86,54,139.9216458
85,55,139.9172837
84,56,139.9106082
83,57,139.9094873
82,58,139.9054484
81,59,139.9090856
80,60,139.9095461
79,61,139.9160359
78,62,139.9189947
77,63,139.9280876
76,64,139.933674
75,65,139.945805
74,66,139.95402
73,67,139.968526
90,51,140.957552
89,52,140.945604
88,53,140.9356661
87,54,140.9267872
86,55,140.9200453
85,56,140.9144037
84,57,140.9109712
83,58,140.908286
82,59,140.9076596
81,60,140.9096167
80,61,140.9135551
79,62,140.9184815
78,63,140.9249317
77,64,140.932126
76,65,140.941448
75,66,140.95128
74,67,140.963108
91,51,141.963918
90,52,141.950027
89,53,141.9411666
88,54,141.9299731
87,55,141.9242995
86,56,141.9164329
85,57,141.9140908
84,58,141.9092502
83,59,141.9100516
82,60,141.9077288
81,61,141.912891
80,62,141.9152094
79,63,141.9234467
78,64,141.928116
77,65,141.9392809
76,66,141.946194
75,67,141.96001
74,68,141.970016
91,52,142.956489
90,53,142.945475
89,54,142.9353696
88,55,142.9273473
87,56,142.9206251
86,57,142.9160795
85,58,142.912392
84,59,142.9108226
83,60,142.9098198
82,61,142.9109381
81,62,142.9146348
80,63,142.9202987
79,64,142.9267507
78,65,142.9351373
77,66,142.9439943
76,67,142.95486
75,68,142.966548
92,52,143.961116
91,53,143.951336
90,54,143.9389451
89,55,143.9320754
88,56,143.9229548
87,57,143.9196456
86,58,143.9136528
85,59,143.9133107
84,60,143.9100928
83,61,143.9125962
82,62,143.9120063
81,63,143.9188195
80,64,143.922963
79,65,143.933045
78,66,143.9392695
77,67,143.9521097
76,68,143.9607
75,69,143.976211
93,52,144.967783
92,53,144.955845
91,54,144.9447196
90,55,144.9355289
89,56,144.9275184
88,57,144.9218081
87,58,144.9172651
86,59,144.914518
85,60,144.9125792
84,61,144.9127557
83,62,144.9134172
82,63,144.9162727
81,64,144.9217101
80,65,144.928717
79,66,144.937474
78,67,144.9472674
77,68,144.957874
76,69,144.970389
93,53,145.961846
92,54,145.9485182
91,55,145.9406219
90,56,145.9303632
89,57,145.925688
88,58,145.9188123
87,59,145.9176876
86,60,145.9131225
85,61,145.9147022
84,62,145.9130468
83,63,145.9172109
82,64,145.9183185
81,65,145.9272527
80,66,145.9328445
79,67,145.9449935
78,68,145.9524184
77,69,145.966661
94,53,146.966505
93,54,146.954482
92,55,146.9442615
91,56,146.9353039
90,57,146.9284178
89,58,146.9226899
88,59,146.9190074
87,60,146.916106
86,61,146.9151449
85,62,146.9149044
84,63,146.9167524
83,64,146.919101
82,65,146.9240546
81,66,146.9310827
80,67,146.9401423
79,68,146.9499645
78,69,146.9613799
94,54,147.958508
93,55,147.949639
92,56,147.938223
91,57,147.9326794
90,58,147.9244242
89,59,147.92213
88,60,147.916899
87,61,147.9174811
86,62,147.9148292
85,63,147.9180913
84,64,147.9181214
83,65,147.9242755
82,66,147.9271499
81,67,147.9377439
80,68,147.944735
79,69,147.958384
78,70,147.967547
95,54,148.964573
94,55,148.953516
93,56,148.943284
92,57,148.9353513
91,58,148.9284269
90,59,148.9237361
89,60,148.9201546
88,61,148.9183415
87,62,148.9171912
86,63,148.9179369
85,64,148.9193477
84,65,148.9232538
83,66,148.9273275
82,67,148.9338205
81,68,148.942306
80,69,148.952828
79,70,148.964219
96,54,149.968878
95,55,149.959023
94,56,149.9464411
93,57,149.9395475
92,58,149.930384
91,59,149.9266764
90,60,149.9209013
89,61,149.92099
88,62,149.917282
87,63,149.9197071
86,64,149.9186639
85,65,149.9236648
84,66,149.9255931
83,67,149.9334984
82,68,149.9379155
81,69,149.95009
80,70,149.958314
79,71,149.973407
96,55,150.963199
95,56,150.951755
94,57,150.942769
93,58,150.9342722
92,59,150.9283091
91,60,150.9238394
90,61,150.9212166
89,62,150.9199389
88,63,150.9198566
87,64,150.9203549
86,65,150.923109
85,66,150.9261913
84,67,150.9316982
83,68,150.9374486
82,69,150.9454944
81,70,150.9554025
80,71,150.967471
97,55,151.968728
96,56,151.95533
95,57,151.947085
94,58,151.936682
93,59,151.9315529
92,60,151.9246912
91,61,151.9235052
90,62,151.9197386
89,63,151.921751
88,64,151.9197984
87,65,151.9240819
86,66,151.9247253
85,67,151.9317176
84,68,151.9350503
83,69,151.944476
82,70,151.9503267
81,71,151.96412
97,56,152.960848
96,57,152.950553
95,58,152.941052
94,59,152.9339035
93,60,152.9277179
92,61,152.9241563
91,62,152.9221036
90,63,152.9212368
89,64,152.9217569
88,65,152.9234417
87,66,152.9257717
86,67,152.9302067
85,68,152.9350864
84,69,152.942058
83,70,152.949372
82,71,152.9588022
81,72,152.970692
98,56,153.964659
97,57,153.955416
96,58,153.94394
95,59,153.9378852
94,60,153.9295974
93,61,153.9267128
92,62,153.9222158
91,63,153.9229857
90,64,153.920873
89,65,153.9246837
88,66,153.9244289
87,67,153.9306068
86,68,153.9327908
85,69,153.9415701
84,70,153.9463957
83,71,153.957416
82,72,153.964863
98,57,154.95928
97,58,154.948706
96,59,154.9405092
95,60,154.9331356
94,61,154.928137
93,62,154.9246466
92,63,154.9228998
91,64,154.9226294
90,65,154.9235095
89,66,154.925758
88,67,154.9291034
87,68,154.9332157
86,69,154.9392096
85,70,154.9457832
84,71,154.954326
83,72,154.963167
82,73,154.974248
99,57,155.964519
98,58,155.951884
97,59,155.9447669
96,60,155.9353704
95,61,155.9311141
94,62,155.9255382
93,63,155.924763
92,64,155.9221301
91,65,155.9247542
90,66,155.9242836
89,67,155.9296416
88,68,155.9310659
87,69,155.9389857
86,70,155.9428171
85,71,155.9530866
84,72,155.9593991
83,73,155.972087
100,57,156.968792
99,58,156.957133
98,59,156.9480031
97,60,156.9393511
96,61,156.9331213
95,62,156.9284186
94,63,156.9254326
93,64,156.9239674
92,65,156.9240319
91,66,156.9254696
90,67,156.928252
89,68,156.9319227
88,69,156.936973
87,70,156.9426514
86,71,156.9501448
85,72,156.958288
84,73,156.9682274
83,74,156.978862
100,58,157.960773
99,59,157.952603
98,60,157.9422056
97,61,157.9365469
96,62,157.9299493
95,63,157.9277822
94,64,157.9241112
93,65,157.9254199
92,66,157.9244148
91,67,157.9289449
90,68,157.9298935
89,69,157.9369795
88,70,157.9398712
87,71,157.9493156
86,72,157.9548012
85,73,157.966593
84,74,157.974565
101,58,158.966355
100,59,158.956232
99,60,158.9466191
98,61,158.9392864
97,62,158.9332171
96,63,158.9290995
95,64,158.9263958
94,65,158.9253537
93,66,158.9257459
92,67,158.9277187
91,68,158.9306908
90,69,158.934975
89,70,158.9400603
88,71,158.9466356
87,72,158.9539958
86,73,158.963028
85,74,158.972696
84,75,158.984106
101,59,159.961138
100,60,159.9498392
99,61,159.9432153
98,62,159.935337
97,63,159.931837
96,64,159.9270612
95,65,159.9271746
94,66,159.9252036
93,67,159.9287355
92,68,159.9290772
91,69,159.9352642
90,70,159.9375592
89,71,159.946033
88,72,159.9506827
87,73,159.9615417
86,74,159.9685139
85,75,159.98188
102,59,160.965121
101,60,160.954664
100,61,160.9462298
99,62,160.9391601
98,63,160.933664
97,64,160.9296763
96,65,160.9275768
95,66,160.9269394
94,67,160.9278618
93,68,160.9300035
92,69,160.933549
91,70,160.9379124
90,71,160.943572
89,72,160.9502779
88,73,160.9583695
87,74,160.967249
86,75,160.9776243
85,76,160.989054
102,60,161.958121
101,61,161.950574
100,62,161.9416217
99,63,161.9369583
98,64,161.9309918
97,65,161.9292754
96,66,161.9268045
95,67,161.9291025
94,68,161.9287873
93,69,161.9340012
92,70,161.9357793
91,71,161.9432828
90,72,161.9472155
89,73,161.9572929
88,74,161.9635003
87,75,161.975896
86,76,161.984434
103,60,162.963414
102,61,162.953881
101,62,162.9456791
100,63,162.9392655
99,64,162.9340966
98,65,162.9306536
97,66,162.9287372
96,67,162.9287403
95,68,162.9300399
94,69,162.9326583
93,70,162.9363454
92,71,162.941179
91,72,162.9471072
90,73,162.9543372
89,74,162.9625243
88,75,162.9720854
87,76,162.982462
86,77,162.994299
103,61,163.958819
102,62,163.9485501
101,63,163.9428529
100,64,163.9359162
99,65,163.9333276
98,66,163.9291808
97,67,163.9302405
96,68,163.9292077
95,69,163.933538
94,70,163.9345007
93,71,163.941339
92,72,163.9443707
91,73,163.953534
90,74,163.9589524
89,75,163.9705071
88,76,163.9780732
87,77,163.991966
104,61,164.96278
103,62,164.95329
102,63,164.9455401
101,64,164.9393171
100,65,164.9349552
99,66,164.9317094
98,67,164.9303291
97,68,164.9307335
96,69,164.9324418
95,70,164.9352702
94,71,164.9394068
93,72,164.944567
92,73,164.9507803
91,74,164.9582807
90,75,164.9670858
89,76,164.976654
88,77,164.987552
87,78,164.999658
104,62,165.956575
103,63,165.949813
102,64,165.9416304
101,65,165.9379397
100,66,165.9328128
99,67,165.9322912
98,68,165.9303011
97,69,165.9335621
96,70,165.9338764
95,71,165.939859
94,72,165.94218
93,73,165.950512
92,74,165.955032
91,75,165.9658212
90,76,165.9726981
89,77,165.985716
88,78,165.994866
105,62,166.962072
104,63,166.953011
103,64,166.94549
102,65,166.940007
101,66,166.9356824
100,67,166.9331403
99,68,166.9320562
98,69,166.9328572
97,70,166.9349541
96,71,166.938243
95,72,166.9426
94,73,166.948093
93,74,166.9548111
92,75,166.962604
91,76,166.9715523
90,77,166.981672
89,78,166.99275
106,62,167.966033
105,63,167.957863
104,64,167.948309
103,65,167.9433371
102,66,167.937135
101,67,167.9355238
100,68,167.9323783
99,69,167.9341785
98,70,167.9338913
97,71,167.9387298
96,72,167.940568
95,73,167.948047
94,74,167.9518055
93,75,167.9615726
92,76,167.9677991
91,77,167.979961
90,78,167.9881802
89,79,168.002716
106,63,168.961717
105,64,168.952882
104,65,168.945807
103,66,168.9403152
102,67,168.9368799
101,68,168.9345984
100,69,168.934219
99,70,168.9351842
98,71,168.9376458
97,72,168.941259
96,73,168.946011
95,74,168.9517787
94,75,168.958766
93,76,168.9670175
92,77,168.9762817
91,78,168.986619
90,79,168.99808
107,63,169.96687
106,64,169.956146
105,65,169.949855
104,66,169.94234
103,67,169.9396265
102,68,169.9354719
101,69,169.9358071
100,70,169.9347672
99,71,169.9384792
98,72,169.939609
97,73,169.946175
96,74,169.9492312
95,75,169.9582348
94,76,169.9635793
93,77,169.975113
92,78,169.9825021
91,79,169.996024
90,80,170.005814
107,64,170.961127
106,65,170.953011
105,66,170.946312
104,67,170.9414727
103,68,170.9380374
102,69,170.9364352
101,70,170.9363315
100,71,170.9379186
99,72,170.940492
98,73,170.944476
97,74,170.949451
96,75,170.955716
95,76,170.9631804
94,77,170.9716455
93,78,170.9812489
92,79,170.9918815
91,80,171.003585
108,64,171.964605
107,65,171.957391
106,66,171.948728
105,67,171.94473
104,68,171.9393635
103,69,171.938407
102,70,171.9363867
101,71,171.9390913
100,72,171.9394497
99,73,171.944895
98,74,171.947292
97,75,171.9553762
96,76,171.9600173
95,77,171.970607
94,78,171.9773411
93,79,171.9899967
92,80,171.9988606
108,65,172.960805
107,66,172.953043
106,67,172.94702
105,68,172.9424
104,69,172.9396066
103,70,172.9382162
102,71,172.9389357
101,72,172.940513
100,73,172.94375
99,74,172.947689
98,75,172.953243
97,76,172.9598084
96,77,172.9675055
95,78,172.9764499
94,79,172.9862243
93,80,172.997143
109,65,173.965679
108,66,173.955845
107,67,173.950757
106,68,173.94423
105,69,173.9421741
104,70,173.9388675
103,71,173.9403428
102,72,173.9400484
101,73,173.944454
100,74,173.946079
99,75,173.953115
98,76,173.9570632
97,77,173.9669499
96,78,173.9728204
95,79,173.984908
94,80,173.9928706
109,66,174.960569
108,67,174.953516
107,68,174.94777
106,69,174.9438423
105,70,174.9412819
104,71,174.9407772
103,72,174.9415114
102,73,174.943737
101,74,174.946717
100,75,174.951381
99,76,174.9569451
98,77,174.9641495
97,78,174.9724006
96,79,174.9813164
95,80,174.9914445
110,66,175.963918
109,67,175.957713
108,68,175.94994
107,69,175.9469977
106,70,175.9425747
105,71,175.9426917
104,72,175.9414098
103,73,175.944857
102,74,175.945634
101,75,175.951623
100,76,175.9547703
99,77,175.9636263
98,78,175.9689382
97,79,175.9801169
96,80,175.9873487
95,81,176.0006277
110,67,176.961052
109,68,176.95399
108,69,176.948932
107,70,176.9452638
106,71,176.9437636
105,72,176.9432302
104,73,176.9444819
103,74,176.946643
102,75,176.950328
101,76,176.9549579
100,77,176.9613015
99,78,176.9684695
98,79,176.9768697
97,80,176.9862846
96,81,176.9964143
111,67,177.965507
110,68,177.956779
109,69,177.952506
108,70,177.9466694
107,71,177.9459601
106,72,177.9437083
105,73,177.94568
104,74,177.9458858
103,75,177.950989
102,76,177.9532533
101,77,177.9610794
100,78,177.9656493
99,79,177.9760567
98,80,177.9824848
97,81,177.995047
96,82,178.0038362
111,68,178.961267
110,69,178.955018
109,70,178.94993
108,71,178.947333
107,72,178.9458257
106,73,178.9459391
105,74,178.9470794
104,75,178.9499897
103,76,178.953816
102,77,178.9591176
101,78,178.9653587
100,79,178.9731737
99,80,178.9818218
98,81,178.9911222
97,82,179.0022025
112,68,179.96438
111,69,179.959023
110,70,179.951991
109,71,179.9498907
108,72,179.9465595
107,73,179.9474676
106,74,179.9467133
105,75,179.9507916
104,76,179.9523817
103,77,179.9592294
102,78,179.963038
101,79,179.9724897
100,80,179.9782602
99,81,179.989919
98,82,179.9979162
112,69,180.961954
111,70,180.95589
110,71,180.951908
109,72,180.9491108
108,73,180.9479985
107,74,180.9482187
106,75,180.9500615
105,76,180.9532472
104,77,180.9576347
103,78,180.9630899
102,79,180.9700791
101,80,180.9778194
100,81,180.98626
99,82,180.9966606
113,69,181.966194
112,70,181.958239
111,71,181.955158
110,72,181.9505637
109,73,181.9501546
108,74,181.9482056
107,75,181.9512116
106,76,181.9521102
105,77,181.9580763
104,78,181.9611716
103,79,181.9696144
102,80,181.9746892
101,81,181.9856926
100,82,181.9926735
113,70,182.962426
112,71,182.957363
111,72,182.9535332
110,73,182.9513754
109,74,182.9502244
108,75,182.9508213
107,76,182.953125
106,77,182.9568412
105,78,182.9615959
104,79,182.9675881
103,80,182.9744447
102,81,182.9821928
101,82,182.9918625
114,70,183.965002
113,71,183.96103
112,72,183.9554485
111,73,183.95401
110,74,183.9509332
109,75,183.9525281
108,76,183.9524929
107,77,183.957476
106,78,183.9599219
105,79,183.9674515
104,80,183.9717177
103,81,183.981875
102,82,183.9881356
101,83,184.001347
115,70,184.969425
114,71,184.963542
113,72,184.958862
112,73,184.9555613
111,74,184.9534212
110,75,184.9529583
109,76,184.954046
108,77,184.956698
107,78,184.9606137
106,79,184.9657989
105,80,184.9718907
104,81,184.9787892
103,82,184.98761
102,83,184.9976
115,71,185.96745
114,72,185.960897
113,73,185.958553
112,74,185.9543651
111,75,185.9549892
110,76,185.9538376
109,77,185.9579468
108,78,185.9593508
107,79,185.9659527
106,80,185.9693621
105,81,185.9786548
104,82,185.9842394
103,83,185.9966232
102,84,186.0044032
116,71,186.970188
115,72,186.964573
114,73,186.960391
113,74,186.9571612
112,75,186.9557522
111,76,186.9557496
110,77,186.957542
109,78,186.9606166
108,79,186.9645421
107,80,186.9698135
106,81,186.9759047
105,82,186.9839108
104,83,186.9931473
103,84,187.0030315
117,71,187.974428
116,72,187.966903
115,73,187.963596
114,74,187.9584883
113,75,187.9581137
112,76,187.9558373
111,77,187.958835
110,78,187.9593975
109,79,187.965248
108,80,187.9675807
107,81,187.9760209
106,82,187.9808791
105,83,187.9922761
104,84,187.9994156
117,72,188.970853
116,73,188.96569
115,74,188.961557
114,75,188.9592278
113,76,188.9581459
112,77,188.9587226
111,78,188.9608485
110,79,188.9639483
109,80,188.9681948
108,81,188.9735735
107,82,188.9808437
106,83,188.9891951
105,84,188.9984734
118,72,189.973376
117,73,189.969168
116,74,189.9631035
115,75,189.9618001
114,76,189.9584454
113,77,189.9605434
112,78,189.9599498
111,79,189.9647517
110,80,189.9663223
109,81,189.9738418
108,82,189.9780819
107,83,189.9886248
106,84,189.9951017
118,73,190.97153
117,74,190.966531
116,75,190.9631233
115,76,190.9609281
114,77,190.9605915
113,78,190.9616763
112,79,190.9637165
111,80,190.9671583
110,81,190.9717841
109,82,190.9782165
108,83,190.985787
107,84,190.9945585
106,85,191.0041481
119,73,191.975201
118,74,191.968202
117,75,191.966088
116,76,191.9614788
115,77,191.9626024
114,78,191.9610427
113,79,191.9648176
112,80,191.9656343
111,81,191.972225
110,82,191.9757896
109,83,191.9854701
108,84,191.9913403
107,85,192.0031409
120,73,192.97766
119,74,192.971884
118,75,192.967545
117,76,192.9641496
116,77,192.9629238
115,78,192.9629845
114,79,192.9641384
113,80,192.9666534
112,81,192.970502
111,82,192.9761359
110,83,192.9829472
109,84,192.9910624
108,85,192.9999277
107,86,193.009708
121,73,193.98161
120,74,193.973795
119,75,193.970735
118,76,193.9651794
117,77,193.9650757
116,78,193.9626835
115,79,193.9654191
114,80,193.9654491
113,81,193.9710814
112,82,193.9740118
111,83,193.9827986
110,84,193.9881861
109,85,193.9992308
108,86,194.0061456
121,74,194.977735
120,75,194.97256
119,76,194.968318
118,77,194.9659769
117,78,194.9647943
116,79,194.9650378
115,80,194.9667058
114,81,194.9697741
113,82,194.9745162
112,83,194.9806488
111,84,194.9880658
110,85,194.9962745
109,86,195.0054217
122,74,195.979882
121,75,195.975996
120,76,195.9696433
119,77,195.9683997
118,78,195.9649546
117,79,195.9665712
116,80,195.9658334
115,81,195.9704812
114,82,195.9727876
113,83,195.9806665
112,84,195.9855407
111,85,195.995799
110,86,196.0021204
123,74,196.984036
122,75,196.978153
121,76,196.973076
120,77,196.9696572
119,78,196.967343
118,79,196.9665701
117,80,196.9672137
116,81,196.9695605
115,82,196.9734347
114,83,196.9788649
113,84,196.9856219
112,85,196.9931774
111,86,197.0016214
110,87,197.0110081
123,75,197.98176
122,76,197.974664
121,77,197.972399
120,78,197.9678967
119,79,197.9682437
118,80,197.9667692
117,81,197.9704467
116,82,197.9720155
115,83,197.9792013
114,84,197.9833888
113,85,197.9927979
112,86,197.9986792
111,87,198.0102821
124,75,198.984187
123,76,198.978239
122,77,198.9738071
121,78,198.970597
120,79,198.9687666
119,80,198.968281
118,81,198.969877
117,82,198.9729126
116,83,198.9776728
115,84,198.9836404
114,85,198.9905277
113,86,198.9983254
112,87,199.0072694
124,76,199.980086
123,77,199.976844
122,78,199.9714446
121,79,199.9707566
120,80,199.9683269
119,81,199.9709636
118,82,199.9718185
117,83,199.9781313
116,84,199.9818124
115,85,199.9903511
114,86,199.9957053
113,87,200.0065847
125,76,200.984069
124,77,200.978701
123,78,200.9745133
122,79,200.9716577
121,80,200.9703031
120,81,200.9708202
119,82,200.9728704
118,83,200.976995
117,84,200.9822638
116,85,200.9884171
115,86,200.9955905
114,87,201.0038525
113,88,201.0128147
126,76,201.986548
125,77,201.982136
124,78,201.975639
123,79,201.973856
122,80,201.9706436
121,81,201.9721089
120,82,201.9721516
119,83,201.977723
118,84,201.9807389
117,85,201.9886257
116,86,201.993264
115,87,202.0033296
114,88,202.0097423
127,76,202.992195
126,77,202.984573
125,78,202.979055
124,79,202.9751545
123,80,202.9728724
122,81,202.9723441
121,82,202.9733906
120,83,202.9768921
119,84,202.9814161
118,85,202.9869429
117,86,202.9933612
116,87,203.0009409
115,88,203.0092339
127,77,203.989726
126,78,203.981084
125,79,203.97811
124,80,203.973494
123,81,203.9738634
122,82,203.9730435
121,83,203.9778357
120,84,203.9803101
119,85,203.9872514
118,86,203.9914437
117,87,204.000652
116,88,204.0065069
128,77,204.993988
127,78,204.986237
126,79,204.980064
125,80,204.9760732
124,81,204.9744273
123,82,204.9744817
122,83,204.9773852
121,84,204.98119
120,85,204.9860605
119,86,204.9917232
118,87,204.9985939
117,88,205.0062307
116,89,205.0151442
128,78,205.99008
127,79,205.984766
126,80,205.9775138
125,81,205.9761101
124,82,205.9744652
123,83,205.9784988
122,84,205.9804737
121,85,205.9866458
120,86,205.9901954
119,87,205.9986614
118,88,206.0038278
117,89,206.0144765
129,78,206.995556
128,79,206.988577
127,80,206.9823
126,81,206.9774186
125,82,206.9758968
124,83,206.9784706
123,84,206.9815933
122,85,206.9857997
121,86,206.9907302
120,87,206.9969415
119,88,207.0037724
118,89,207.011966
130,78,207.999463
129,79,207.993655
128,80,207.985759
127,81,207.982018
126,82,207.976652
125,83,207.9797421
124,84,207.981246
123,85,207.986613
122,86,207.9896345
121,87,207.9971391
120,88,208.001855
119,89,208.0115523
118,90,208.0179153
130,79,208.997606
129,80,208.990757
128,81,208.9853517
127,82,208.98109
126,83,208.9803986
125,84,208.9824304
124,85,208.9861687
123,86,208.9904014
122,87,208.9959397
121,88,209.0019949
120,89,209.0094954
119,90,209.017601
131,79,210.002877
130,80,209.99431
129,81,209.9900729
128,82,209.9841884
127,83,209.9841202
126,84,209.9828737
125,85,209.9871474
124,86,209.9896889
123,87,209.9964106
122,88,210.0004754
121,89,210.0094086
120,90,210.0150935
131,80,210.999581
130,81,210.993475
129,82,210.9887353
128,83,210.9872687
127,84,210.9866532
126,85,210.9874962
125,86,210.9906008
124,87,210.9955552
123,88,211.000893
122,89,211.0076688
121,90,211.0148969
120,91,211.023674
132,80,212.003242
131,81,211.998335
130,82,211.9918959
129,83,211.991285
128,84,211.988868
127,85,211.9907373
126,86,211.9907039
125,87,211.9962254
124,88,211.9997866
123,89,212.0078364
122,90,212.0130016
121,91,212.0231848
133,80,213.008803
132,81,213.001915
131,82,212.9965608
130,83,212.9943836
129,84,212.9928572
128,85,212.9929366
127,86,212.9938851
126,87,212.9961844
125,88,213.000371
124,89,213.0065927
123,90,213.0130115
122,91,213.0210996
134,80,214.012636
133,81,214.00694
132,82,213.9998035
131,83,213.9987109
130,84,213.9952013
129,85,213.9963723
128,86,213.9953627
127,87,213.9989712
126,88,214.0000996
125,89,214.0069064
124,90,214.0114815
123,91,214.0208911
135,80,215.018368
134,81,215.010768
133,82,215.0046616
132,83,215.0017491
131,84,214.9994184
130,85,214.998651
129,86,214.998745
128,87,215.0003415
127,88,215.0027182
126,89,215.0064741
125,90,215.0117246
124,91,215.019114
123,92,215.0267198
136,80,216.022459
135,81,216.015964
134,82,216.008062
133,83,216.006306
132,84,216.0019134
131,85,216.0024226
130,86,216.0002719
129,87,216.0031895
128,88,216.0035335
127,89,216.0087491
126,90,216.0110559
125,91,216.0191346
124,92,216.0247628
136,81,217.020032
135,82,217.013162
134,83,217.009372
133,84,217.0063161
132,85,217.0047178
131,86,217.0039276
130,87,217.004632
129,88,217.0063227
128,89,217.0093423
127,90,217.0131034
126,91,217.018309
125,92,217.02466
137,81,218.025454
136,82,218.016779
135,83,218.014188
134,84,218.0089712
133,85,218.0086959
132,86,218.0056011
131,87,218.0075786
130,88,218.0071343
129,89,218.0116489
128,90,218.0132762
127,91,218.0200211
126,92,218.0235049
137,82,219.022136
136,83,219.01752
135,84,219.013614
134,85,219.0111606
133,86,219.0094787
132,87,219.0092507
131,88,219.0100847
130,89,219.0124204
129,90,219.0155264
128,91,219.0199499
127,92,219.0250092
126,93,219.0316019
138,82,220.025905
137,83,220.022501
136,84,220.016386
135,85,220.015433
134,86,220.0113924
133,87,220.0123268
132,88,220.0110275
131,89,220.0147545
130,90,220.0157699
129,91,220.0217698
128,92,220.024706
127,93,220.0327163
138,83,221.02598
137,84,221.021228
136,85,221.018017
135,86,221.0155356
134,87,221.0142537
133,88,221.0139173
132,89,221.0155997
131,90,221.0181858
130,91,221.0218734
129,92,221.0263233
128,93,221.03211
127,94,221.038572
139,83,222.031079
138,84,222.02414
137,85,222.022494
136,86,222.017576
135,87,222.0175826
134,88,222.0153734
133,89,222.0178442
132,90,222.0184682
131,91,222.0236871
130,92,222.026058
129,93,222.0335747
128,94,222.037638
140,83,223.034611
139,84,223.02907
138,85,223.025151
137,86,223.0218893
136,87,223.0197342
135,88,223.0185006
134,89,223.019136
133,90,223.0208111
132,91,223.0239804
131,92,223.0279608
130,93,223.0329133
129,94,223.038777
128,95,223.04584
141,83,224.039796
140,84,224.03211
139,85,224.029749
138,86,224.0240958
137,87,224.0233481
136,88,224.0202104
135,89,224.0217222
134,90,224.0214661
133,91,224.0256173
132,92,224.0276359
131,93,224.034388
130,94,224.037875
129,95,224.046442
141,84,225.037123
140,85,225.032528
139,86,225.0284856
138,87,225.0255725
137,88,225.0236105
136,89,225.0232286
135,90,225.023951
134,91,225.0261479
133,92,225.0293851
132,93,225.0339434
131,94,225.03897
130,95,225.045508
142,84,226.04031
141,85,226.037209
140,86,226.0308614
139,87,226.0295445
138,88,226.0254082
137,89,226.026097
136,90,226.0249037
135,91,226.0279482
134,92,226.0293387
133,93,226.0352304
132,94,226.03825
131,95,226.04613
143,84,227.04539
142,85,227.040183
141,86,227.0353044
140,87,227.0318654
139,88,227.0291762
138,89,227.0277506
137,90,227.0277025
136,91,227.0288036
135,92,227.0311811
134,93,227.034975
133,94,227.039474
132,95,227.045282
143,85,228.04496
142,86,228.0378354
141,87,228.0358394
140,88,228.0310686
139,89,228.0310197
138,90,228.0287397
137,91,228.0310508
136,92,228.031369
135,93,228.036313
134,94,228.0387633
133,95,228.046001
144,85,229.048191
143,86,229.0422573
142,87,229.0382914
141,88,229.0349567
140,89,229.032947
139,90,229.0317614
138,91,229.0320956
137,92,229.033506
136,93,229.0362873
135,94,229.0401451
134,95,229.0452825
144,86,230.045271
143,87,230.0423908
142,88,230.0370548
141,89,230.036327
140,90,230.0331323
139,91,230.0345397
138,92,230.0339401
137,93,230.0378281
136,94,230.0396483
135,95,230.046025
145,86,231.049973
144,87,231.0451754
143,88,231.0410271
142,89,231.038393
141,90,231.0363028
140,91,231.0358825
139,92,231.0362922
138,93,231.0382436
137,94,231.0411259
136,95,231.045529
135,96,231.050746
145,87,232.0494612
144,88,232.0434753
143,89,232.042034
142,90,232.0380536
141,91,232.0385902
140,92,232.0371548
139,93,232.040107
138,94,232.0411821
137,95,232.046613
136,96,232.04974
146,87,233.0525178
145,88,233.0475946
144,89,233.044346
143,90,233.0415801
142,91,233.0402465
141,92,233.0396343
140,93,233.0407394
139,94,233.0429974
138,95,233.046468
137,96,233.0507715
136,97,233.056652
146,88,234.0503821
145,89,234.048139
144,90,234.0435998
143,91,234.0433056
142,92,234.0409503
141,93,234.0428932
140,94,234.0433175
139,95,234.047731
138,96,234.0501586
137,97,234.057322
147,88,235.05489
146,89,235.05084
145,90,235.047255
144,91,235.045399
143,92,235.0439281
142,93,235.0440615
141,94,235.0452846
140,95,235.0479065
139,96,235.051545
138,97,235.056651
147,89,236.054988
146,90,236.049657
145,91,236.048668
144,92,236.0455661
143,93,236.0465683
142,94,236.0460567
141,95,236.049427
140,96,236.0513721
139,97,236.057479
148,89,237.057993
147,90,237.053629
146,91,237.051023
145,92,237.0487283
144,93,237.0481716
143,94,237.0484079
142,95,237.049995
141,96,237.052869
140,97,237.057123
139,98,237.0621993
148,90,238.056388
147,91,238.054637
146,92,238.0507869
145,93,238.0509446
144,94,238.0495582
143,95,238.0519825
142,96,238.0530816
141,97,238.058204
140,98,238.06149
149,90,239.060655
148,91,239.05726
147,92,239.054292
146,93,239.0529375
145,94,239.0521616
144,95,239.0530227
143,96,239.0549085
142,97,239.058239
141,98,239.062482
140,99,239.06831
149,91,240.061203
148,92,240.0565924
147,93,240.0561638
146,94,240.0538117
145,95,240.0552984
144,96,240.0555282
143,97,240.059758
142,98,240.0622534
141,99,240.068949
150,91,241.064134
149,92,241.06033
148,93,241.0583097
147,94,241.0568497
146,95,241.0568273
145,96,241.0576512
144,97,241.060098
143,98,241.06369
142,99,241.068592
141,100,241.074311
150,92,242.062931
149,93,242.0616395
148,94,242.058741
147,95,242.0595474
146,96,242.0588342
145,97,242.061999
144,98,242.0637545
143,99,242.069567
142,100,242.07343
151,92,243.067075
150,93,243.064204
149,94,243.0620021
148,95,243.0613799
147,96,243.0613873
146,97,243.0630059
145,98,243.065475
144,99,243.069508
143,100,243.074414
151,93,244.067891
150,94,244.0642044
149,95,244.0642829
148,96,244.0627506
147,97,244.065179
146,98,244.0659994
145,99,244.070881
144,100,244.074036
143,101,244.081157
152,93,245.070693
151,94,245.0678246
150,95,245.0664528
149,96,245.065491
148,97,245.0663598
147,98,245.0680468
146,99,245.071192
145,100,245.075354
144,101,245.080864
152,94,246.0702042
151,95,246.069774
150,96,246.067222
149,97,246.0686713
148,98,246.0688037
147,99,246.0728065
146,100,246.0753533
145,101,246.081713
153,94,247.0743
152,95,247.072092
151,96,247.0703527
150,97,247.0703059
149,98,247.0709713
148,99,247.0736219
147,100,247.076944
146,101,247.08152
153,95,248.075752
152,96,248.0723491
151,97,248.0731417
150,98,248.0721829
149,99,248.075469
148,100,248.0771855
147,101,248.082607
146,102,248.086623
154,95,249.07848
153,96,249.075954
152,97,249.0749831
151,98,249.0748504
150,99,249.076409
149,100,249.078926
148,101,249.0828572
147,102,249.087802
154,96,250.0783575
153,97,250.0783172
152,98,250.0764045
151,99,250.078611
150,100,250.0795198
149,101,250.0841649
148,102,250.087565
155,96,251.082285
154,97,251.0807606
153,98,251.0795872
152,99,251.0799914
151,100,251.0815451
150,101,251.0847743
149,102,251.088942
148,103,251.094289
156,96,252.08487
155,97,252.08431
154,98,252.0816265
153,99,252.0829792
152,100,252.082466
151,101,252.086385
150,102,252.0889661
149,103,252.095048
156,97,253.08688
155,98,253.0851337
154,99,253.0848212
153,100,253.0851809
152,101,253.087143
151,102,253.0905628
150,103,253.0950339
149,104,253.100528
157,97,254.0906
156,98,254.0873236
155,99,254.0880243
154,100,254.0868524
153,101,254.08959
152,102,254.0909542
151,103,254.0962388
150,104,254.100055
157,98,255.091046
156,99,255.0902735
155,100,255.0899635
154,101,255.0910817
153,102,255.0931964
152,103,255.0965624
151,104,255.101267
150,105,255.106919
158,98,256.093442
157,99,256.093597
156,100,256.0917717
155,101,256.093888
154,102,256.0942819
153,103,256.098494
152,104,256.1011515
151,105,256.107674
158,99,257.095979
157,100,257.0951054
156,101,257.0955373
155,102,257.0968842
154,103,257.09948
153,104,257.1029168
152,105,257.10752
159,99,258.09952
158,100,258.097077
157,101,258.0984336
156,102,258.098205
155,103,258.101753
154,104,258.1034299
153,105,258.108973
152,106,258.11304
159,100,259.100596
158,101,259.100445
157,102,259.1009984
156,103,259.1029
155,104,259.105601
154,105,259.1094919
153,106,259.114353
160,100,260.102809
159,101,260.10365
158,102,260.102641
157,103,260.105504
156,104,260.10644
155,105,260.111297
154,106,260.1143834
153,107,260.121443
160,101,261.105828
159,102,261.105696
158,103,261.106879
157,104,261.1087696
156,105,261.111979
155,106,261.1159481
154,107,261.1213957
161,101,262.109144
160,102,262.107463
159,103,262.109615
158,104,262.109923
157,105,262.114067
156,106,262.116339
155,107,262.1226547
161,102,263.110714
160,103,263.111293
159,104,263.112461
158,105,263.114987
157,106,263.118299
156,107,263.122916
155,108,263.128479
162,102,264.112734
161,103,264.114198
160,104,264.113876
159,105,264.117297
158,106,264.11893
157,107,264.124486
156,108,264.1283563
162,103,265.116193
161,104,265.116683
160,105,265.1185
159,106,265.121089
158,107,265.124955
157,108,265.1297917
156,109,265.135937
163,103,266.119874
162,104,266.118236
161,105,266.121032
160,106,266.121973
159,107,266.12679
158,108,266.1300488
157,109,266.1370623
163,104,267.121787
162,105,267.122399
161,106,267.124323
160,107,267.127499
159,108,267.131678
158,109,267.137189
157,110,267.143726
164,104,268.123968
163,105,268.125669
162,106,268.125389
161,107,268.129584
160,108,268.132011
159,109,268.138649
158,110,268.143477
164,105,269.127911
163,106,269.128495
162,107,269.130411
161,108,269.133649
160,109,269.138809
159,110,269.144751
165,105,270.131399
164,106,270.130362
163,107,270.133366
162,108,270.134313
161,109,270.140322
160,110,270.1445866
165,106,271.133782
164,107,271.135115
163,108,271.137082
162,109,271.140741
161,110,271.145951
166,106,272.135825
165,107,272.138259
164,108,272.138492
163,109,272.143298
162,110,272.146091
161,111,272.153273
167,106,273.139475
166,107,273.140294
165,108,273.141458
164,109,273.144695
163,110,273.148455
162,111,273.153393
167,107,274.143599
166,108,274.143217
165,109,274.147343
164,110,274.149434
163,111,274.155247
168,107,275.145766
167,108,275.14653
166,109,275.148972
165,110,275.152085
164,111,275.156088
169,107,276.149169
168,108,276.148348
167,109,276.151705
166,110,276.153022
165,111,276.158226
164,112,276.161418
170,107,277.151477
169,108,277.151772
168,109,277.153525
167,110,277.155763
166,111,277.159322
165,112,277.163535
171,107,278.154988
170,108,278.153753
169,109,278.156487
168,110,278.157007
167,111,278.16159
166,112,278.164083
165,113,278.170725
171,108,279.157274
170,109,279.158439
169,110,279.159984
168,111,279.16288
167,112,279.166422
166,113,279.171187
172,108,280.159335
171,109,280.161579
170,110,280.161375
169,111,280.165204
168,112,280.167102
167,113,280.173098
172,109,281.163608
171,110,281.164545
170,111,281.166757
169,112,281.169563
168,113,281.17371
173,109,282.166888
172,110,282.166174
171,111,282.169343
170,112,282.170507
169,113,282.17577
173,110,283.169437
172,111,283.171101
171,112,283.173202
170,113,283.176666
174,110,284.171187
173,111,284.173882
172,112,284.17436
171,113,284.178843
170,114,284.181192
174,111,285.175771
173,112,285.177227
172,113,285.180106
171,114,285.183503
175,111,286.178756
174,112,286.178691
173,113,286.182456
172,114,286.184226
175,112,287.181826
174,113,287.184064
173,114,287.18672
172,115,287.19082
176,112,288.183501
175,113,288.186764
174,114,288.187781
173,115,288.192879
176,113,289.188461
175,114,289.190517
174,115,289.193971
173,116,289.198023
177,113,290.191429
176,114,290.191875
175,115,290.196235
174,116,290.198635
177,114,291.194848
176,115,291.197725
175,116,291.201014
174,117,291.205748
177,115,292.200323
176,116,292.201969
175,117,292.207861
177,116,293.204583
176,117,293.208727
175,118,293.213423
177,117,294.21084
176,118,294.213979
177,118,295.216178
